[
  {
    "vector": [1],
    "positive_10": ["gmina", "insee", "householder", "increment", "peakposition", "midst", "outskirts", "iucn", "voivodeship", "subtropical"],
    "negative_10": ["the", "and", "of", "in", "to", "for", "as", "is", "with", "was"]
  },
  {
    "vector": [2],
    "positive_10": ["innings", "tournaments", "leagues", "constituency", "medals", "locomotives", "households", "manga", "billboard", "theaters"],
    "negative_10": ["the", "and", "of", "in", "to", "for", "with", "as", "by", "is"]
  },
  {
    "vector": [3],
    "positive_10": ["born", "john", "james", "david", "robert", "william", "jr", "george", "thomas", "michael"],
    "negative_10": ["specific", "any", "data", "provide", "these", "certain", "different", "systems", "its", "use"]
  },
  {
    "vector": [4],
    "positive_10": ["you", "album", "love", "me", "my", "song", "episode", "your", "vocals", "baby"],
    "negative_10": ["district", "county", "council", "university", "national", "regional", "government", "department", "northern", "municipal"]
  },
  {
    "vector": [5],
    "positive_10": ["jpg", "km", "located", "near", "road", "river", "lake", "route", "station", "mountain"],
    "negative_10": ["political", "social", "religious", "law", "legal", "policy", "rights", "government", "minister", "jewish"]
  },
  {
    "vector": [6],
    "positive_10": ["troops", "him", "killed", "soldiers", "they", "them", "were", "had", "emperor", "attacked"],
    "negative_10": ["digital", "science", "software", "technology", "engineering", "computer", "research", "online", "web", "electronic"]
  },
  {
    "vector": [7],
    "positive_10": ["ancient", "medieval", "century", "greek", "culture", "latin", "poetry", "literature", "folk", "contemporary"],
    "negative_10": ["player", "safety", "manager", "team", "speed", "test", "contract", "driver", "engine", "aircraft"]
  },
  {
    "vector": [8],
    "positive_10": ["him", "them", "it", "himself", "her", "students", "who", "government", "people", "players"],
    "negative_10": ["took", "gave", "brought", "led", "joined", "served", "moved", "came", "became", "entered"]
  },
  {
    "vector": [9],
    "positive_10": ["championship", "league", "games", "cup", "tournament", "winning", "singles", "championships", "finals", "champions"],
    "negative_10": ["township", "william", "creek", "lake", "wood", "edward", "sir", "county", "henry", "frederick"]
  },
  {
    "vector": [10],
    "positive_10": ["community", "downtown", "students", "campus", "schools", "public", "residents", "neighborhood", "college", "park"],
    "negative_10": ["ii", "commander", "german", "de", "iii", "squadron", "mm", "aircraft", "iv", "command"]
  },
  {
    "vector": [11],
    "positive_10": ["company", "ship", "service", "rescue", "aircraft", "companies", "police", "ships", "launched", "corporation"],
    "negative_10": ["points", "championship", "results", "finals", "scoring", "scored", "championships", "goals", "round", "matches"]
  },
  {
    "vector": [12],
    "positive_10": ["numerous", "various", "different", "any", "japanese", "russian", "norwegian", "swedish", "each", "polish"],
    "negative_10": ["born", "defeated", "vocals", "win", "airport", "married", "played", "politician", "isbn", "guitar"]
  },
  {
    "vector": [13],
    "positive_10": ["were", "professional", "who", "trained", "musicians", "numerous", "american", "prominent", "renowned", "are"],
    "negative_10": ["isbn", "route", "map", "article", "http", "vol", "airport", "highway", "lies", "pp"]
  },
  {
    "vector": [14],
    "positive_10": ["printed", "church", "letters", "copy", "letter", "court", "chapel", "seats", "read", "cathedral"],
    "negative_10": ["human", "economic", "climate", "environmental", "coastal", "sea", "fighting", "attack", "force", "severe"]
  },
  {
    "vector": [15],
    "positive_10": ["brazil", "products", "food", "income", "municipality", "born", "population", "name", "milk", "province"],
    "negative_10": ["squadron", "naval", "brief", "battle", "artillery", "training", "completed", "combat", "scenes", "subsequent"]
  },
  {
    "vector": [16],
    "positive_10": ["million", "produced", "reported", "billion", "were", "by", "estimated", "sold", "recorded", "published"],
    "negative_10": ["school", "god", "junior", "college", "team", "spirit", "training", "able", "guard", "senior"]
  },
  {
    "vector": [17],
    "positive_10": ["republican", "democratic", "conservative", "anti", "election", "liberal", "party", "democrat", "black", "white"],
    "negative_10": ["at", "her", "paris", "she", "maria", "training", "hospital", "vienna", "teacher", "munich"]
  },
  {
    "vector": [18],
    "positive_10": ["species", "birds", "medical", "reports", "officers", "animals", "list", "lists", "reported", "killed"],
    "negative_10": ["style", "towards", "revival", "progressive", "building", "economic", "market", "liberal", "construction", "conservative"]
  },
  {
    "vector": [19],
    "positive_10": ["annual", "tax", "medal", "royal", "crown", "bronze", "silver", "gold", "horse", "jpg"],
    "negative_10": ["to", "fm", "connect", "they", "able", "do", "who", "stations", "programming", "languages"]
  },
  {
    "vector": [20],
    "positive_10": ["personnel", "vocal", "vocals", "per", "hour", "length", "performed", "approximately", "solo", "piano"],
    "negative_10": ["game", "games", "team", "he", "fc", "cup", "software", "microsoft", "giants", "acquired"]
  },
  {
    "vector": [21],
    "positive_10": ["the", "is", "in", "as", "and", "was", "of", "by", "with", "an"],
    "negative_10": ["isbn", "england", "ships", "pp", "britain", "volume", "oxford", "able", "try", "enough"]
  },
  {
    "vector": [22],
    "positive_10": ["lp", "album", "cd", "vol", "university", "and", "remix", "records", "band", "institute"],
    "negative_10": ["characters", "television", "location", "character", "actor", "channel", "bbc", "plot", "journalist", "actress"]
  },
  {
    "vector": [23],
    "positive_10": ["open", "walls", "jpg", "clay", "inside", "glass", "committee", "shaped", "wall", "front"],
    "negative_10": ["average", "highest", "rate", "title", "franchise", "class", "income", "acquired", "equivalent", "became"]
  },
  {
    "vector": [24],
    "positive_10": ["newspaper", "jewish", "average", "chicago", "percent", "per", "magazine", "estimated", "daily", "rate"],
    "negative_10": ["act", "scotland", "wales", "vocals", "ireland", "england", "the", "arrangements", "and", "keyboards"]
  },
  {
    "vector": [25],
    "positive_10": ["able", "unable", "decided", "attempted", "began", "tried", "did", "continued", "intended", "helped"],
    "negative_10": ["be", "have", "are", "were", "provide", "become", "being", "been", "give", "make"]
  },
  {
    "vector": [26],
    "positive_10": ["san", "juan", "antonio", "josé", "historic", "carlos", "luis", "additional", "del", "francisco"],
    "negative_10": ["bbc", "conservative", "oxford", "cambridge", "uk", "cricket", "labour", "liberal", "ltd", "edinburgh"]
  },
  {
    "vector": [27],
    "positive_10": ["award", "its", "outstanding", "the", "was", "strategic", "mountains", "achievement", "it", "highest"],
    "negative_10": ["disease", "drug", "treatment", "patients", "injury", "involving", "cancer", "symptoms", "cases", "alcohol"]
  },
  {
    "vector": [28],
    "positive_10": ["american", "australian", "german", "canadian", "italian", "russian", "french", "british", "swedish", "polish"],
    "negative_10": ["similar", "greater", "multiple", "various", "different", "these", "certain", "airport", "footballer", "embassy"]
  },
  {
    "vector": [29],
    "positive_10": ["seven", "eight", "nine", "cell", "earth", "six", "five", "four", "million", "universe"],
    "negative_10": ["is", "for", "no", "was", "route", "and", "to", "the", "french", "popular"]
  },
  {
    "vector": [30],
    "positive_10": ["of", "the", "and", "to", "links", "with", "isbn", "for", "or", "external"],
    "negative_10": ["officially", "formally", "studied", "never", "been", "widely", "subsequently", "mexico", "already", "species"]
  },
  {
    "vector": [31],
    "positive_10": ["tries", "can", "does", "must", "decides", "would", "attempts", "helps", "footballer", "designed"],
    "negative_10": ["john", "david", "michael", "william", "robert", "peter", "tom", "mike", "george", "richard"]
  },
  {
    "vector": [32],
    "positive_10": ["display", "able", "image", "cathedral", "exhibit", "gallery", "concert", "visitors", "greater", "memorial"],
    "negative_10": ["into", "law", "philosophy", "economics", "runs", "mathematics", "out", "straight", "starts", "laws"]
  },
  {
    "vector": [33],
    "positive_10": ["continue", "attempt", "begin", "began", "introduced", "proposed", "race", "races", "to", "annual"],
    "negative_10": ["personnel", "administrative", "intelligence", "manager", "police", "buildings", "remains", "security", "chart", "statistics"]
  },
  {
    "vector": [34],
    "positive_10": ["cars", "aircraft", "engines", "were", "vehicles", "race", "models", "car", "women", "prototype"],
    "negative_10": ["player", "persian", "server", "user", "word", "manager", "regular", "native", "stream", "english"]
  },
  {
    "vector": [35],
    "positive_10": ["ce", "traditional", "support", "style", "improved", "wing", "hp", "islam", "text", "ad"],
    "negative_10": ["norwegian", "austrian", "canadian", "belgian", "swedish", "chamber", "swiss", "amateur", "british", "german"]
  },
  {
    "vector": [36],
    "positive_10": ["largest", "system", "association", "primarily", "list", "mainly", "mostly", "institute", "non", "aspects"],
    "negative_10": ["political", "guitar", "republican", "musical", "her", "been", "religious", "academic", "was", "democratic"]
  },
  {
    "vector": [37],
    "positive_10": ["site", "built", "project", "dam", "was", "track", "been", "engine", "athlete", "race"],
    "negative_10": ["lines", "paris", "york", "london", "exchange", "roles", "color", "duties", "regiment", "greater"]
  },
  {
    "vector": [38],
    "positive_10": ["district", "election", "extremely", "county", "rural", "highly", "forest", "very", "districts", "candidate"],
    "negative_10": ["airlines", "airways", "faith", "asia", "passenger", "airline", "israel", "boeing", "flights", "international"]
  },
  {
    "vector": [39],
    "positive_10": ["different", "various", "include", "interested", "major", "included", "involved", "two", "such", "numerous"],
    "negative_10": ["was", "becomes", "could", "must", "would", "having", "should", "is", "cannot", "can"]
  },
  {
    "vector": [40],
    "positive_10": ["child", "her", "adult", "neck", "aged", "patient", "windows", "patients", "access", "chart"],
    "negative_10": ["prime", "energy", "chief", "chairman", "food", "sunday", "equation", "gas", "we", "deputy"]
  },
  {
    "vector": [41],
    "positive_10": ["st", "originally", "october", "november", "director", "january", "px", "july", "february", "june"],
    "negative_10": ["these", "its", "economic", "their", "political", "human", "social", "considered", "species", "made"]
  },
  {
    "vector": [42],
    "positive_10": ["li", "ma", "han", "yu", "wu", "wang", "do", "tan", "ji", "chinese"],
    "negative_10": ["democratic", "outdoor", "held", "party", "power", "indoor", "world", "living", "republican", "free"]
  },
  {
    "vector": [43],
    "positive_10": ["emperor", "racing", "appointed", "chief", "god", "travel", "lord", "cardinal", "archbishop", "authority"],
    "negative_10": ["actress", "census", "the", "née", "model", "group", "american", "miss", "th", "ann"]
  },
  {
    "vector": [44],
    "positive_10": ["degree", "electrical", "high", "mechanical", "power", "such", "various", "miss", "dynasty", "electronics"],
    "negative_10": ["species", "organization", "group", "contract", "loan", "goals", "breeding", "fund", "organisation", "genus"]
  },
  {
    "vector": [45],
    "positive_10": ["interior", "until", "buildings", "current", "assistant", "seats", "editor", "floor", "look", "living"],
    "negative_10": ["via", "charity", "event", "against", "festival", "allegedly", "organized", "been", "directly", "publicly"]
  },
  {
    "vector": [46],
    "positive_10": ["population", "von", "uniform", "size", "income", "der", "germany", "nazi", "camp", "census"],
    "negative_10": ["important", "spiritual", "powerful", "nomination", "maría", "nominated", "josé", "candidate", "cargo", "juan"]
  },
  {
    "vector": [47],
    "positive_10": ["he", "based", "occurs", "done", "johnson", "smith", "wilson", "her", "greater", "she"],
    "negative_10": ["already", "guitar", "township", "increasingly", "née", "generally", "county", "eventually", "often", "subsequently"]
  },
  {
    "vector": [48],
    "positive_10": ["party", "car", "chart", "leader", "label", "election", "business", "race", "group", "key"],
    "negative_10": ["drama", "television", "tv", "actress", "comedy", "starring", "directed", "film", "actor", "nbc"]
  },
  {
    "vector": [49],
    "positive_10": ["population", "native", "greater", "city", "vs", "assembly", "rate", "people", "motion", "puerto"],
    "negative_10": ["singles", "german", "von", "austrian", "championships", "major", "open", "tennis", "sister", "wilhelm"]
  },
  {
    "vector": [50],
    "positive_10": ["trying", "able", "who", "helping", "playing", "working", "killing", "attempting", "moving", "named"],
    "negative_10": ["avoid", "involves", "reduce", "prevent", "involve", "provide", "requires", "describes", "improve", "occurs"]
  },
  {
    "vector": [51],
    "positive_10": ["considered", "against", "germany", "turkey", "friendly", "israel", "goal", "avenue", "treatment", "restaurants"],
    "negative_10": ["gradually", "water", "slowly", "storm", "changes", "body", "council", "provincial", "parish", "power"]
  },
  {
    "vector": [52],
    "positive_10": ["after", "before", "involves", "been", "during", "saw", "prior", "involve", "against", "subsequently"],
    "negative_10": ["album", "that", "you", "episode", "use", "increasing", "novel", "increase", "released", "your"]
  },
  {
    "vector": [53],
    "positive_10": ["highway", "highways", "works", "railways", "rail", "afghanistan", "ukraine", "railway", "major", "parts"],
    "negative_10": ["spanish", "japanese", "formal", "degrees", "obtained", "degree", "san", "court", "ocean", "label"]
  },
  {
    "vector": [54],
    "positive_10": ["spanish", "josé", "del", "santa", "luis", "miguel", "fernando", "el", "pedro", "juan"],
    "negative_10": ["wang", "li", "extremely", "emperor", "sun", "liu", "princess", "powerful", "dynasty", "yang"]
  },
  {
    "vector": [55],
    "positive_10": ["career", "born", "working", "uniform", "worked", "married", "started", "producing", "football", "we"],
    "negative_10": ["seats", "organ", "piano", "orchestra", "receives", "majority", "seat", "species", "prize", "votes"]
  },
  {
    "vector": [56],
    "positive_10": ["been", "were", "route", "removed", "nominated", "be", "award", "improving", "by", "wang"],
    "negative_10": ["largest", "very", "powerful", "small", "extremely", "catholic", "does", "missions", "offer", "larger"]
  },
  {
    "vector": [57],
    "positive_10": ["signed", "route", "offered", "offer", "sr", "offers", "loan", "highway", "students", "trains"],
    "negative_10": ["hit", "et", "court", "television", "techniques", "dynasty", "broadcast", "fifth", "radio", "score"]
  },
  {
    "vector": [58],
    "positive_10": ["seat", "his", "own", "gained", "acquired", "mm", "television", "museum", "seats", "ownership"],
    "negative_10": ["ranked", "windows", "rising", "storm", "ranking", "catholic", "church", "global", "tropical", "edition"]
  },
  {
    "vector": [59],
    "positive_10": ["county", "international", "district", "british", "university", "college", "school", "area", "national", "council"],
    "negative_10": ["man", "girl", "woman", "player", "him", "out", "love", "began", "started", "begin"]
  },
  {
    "vector": [60],
    "positive_10": ["saint", "christian", "catholic", "primary", "critics", "german", "main", "holy", "orthodox", "rating"],
    "negative_10": ["colonial", "complex", "memory", "tennis", "governor", "swimming", "long", "cricket", "baseball", "sir"]
  },
  {
    "vector": [61],
    "positive_10": ["his", "volume", "drug", "underground", "to", "records", "evidence", "maintain", "her", "chart"],
    "negative_10": ["award", "words", "won", "awards", "caused", "awarded", "windows", "prize", "languages", "occurred"]
  },
  {
    "vector": [62],
    "positive_10": ["panel", "about", "hearing", "patients", "consists", "entire", "consisted", "report", "consisting", "audience"],
    "negative_10": ["become", "liberal", "illegal", "listed", "became", "be", "been", "institutions", "becoming", "positions"]
  },
  {
    "vector": [63],
    "positive_10": ["football", "proposed", "basketball", "baseball", "hit", "navy", "soccer", "queen", "hits", "clubs"],
    "negative_10": ["bronze", "race", "event", "sprint", "qualifying", "prix", "men", "creative", "km", "th"]
  },
  {
    "vector": [64],
    "positive_10": ["people", "president", "government", "held", "leader", "minister", "students", "received", "father", "members"],
    "negative_10": ["album", "episode", "film", "song", "tv", "show", "episodes", "series", "band", "movie"]
  },
  {
    "vector": [65],
    "positive_10": ["seeking", "her", "enough", "such", "how", "she", "their", "his", "attempting", "suburb"],
    "negative_10": ["been", "was", "is", "has", "be", "originally", "consists", "fourth", "second", "contains"]
  },
  {
    "vector": [66],
    "positive_10": ["guest", "role", "acting", "supporting", "main", "roles", "active", "touring", "musicians", "iron"],
    "negative_10": ["vision", "satellite", "acquired", "government", "transit", "signs", "bright", "hours", "distance", "centre"]
  },
  {
    "vector": [67],
    "positive_10": ["archaeological", "roman", "relief", "expedition", "show", "get", "via", "money", "surgery", "byzantine"],
    "negative_10": ["plant", "capacity", "goals", "plants", "apple", "trees", "mature", "player", "fruit", "species"]
  },
  {
    "vector": [68],
    "positive_10": ["publishers", "isbn", "association", "publishing", "published", "press", "independent", "guide", "inc", "manual"],
    "negative_10": ["programmes", "duke", "programme", "content", "programs", "broadcasts", "broadcast", "themes", "landscape", "pm"]
  },
  {
    "vector": [69],
    "positive_10": ["billion", "sailing", "cancer", "wrestling", "patients", "progressive", "involves", "gameplay", "hockey", "million"],
    "negative_10": ["police", "traffic", "widespread", "signal", "species", "drive", "tree", "maintained", "growing", "driver"]
  },
  {
    "vector": [70],
    "positive_10": ["died", "isbn", "german", "british", "continue", "native", "japanese", "french", "indian", "graduated"],
    "negative_10": ["four", "three", "six", "five", "two", "st", "eight", "league", "seven", "san"]
  },
  {
    "vector": [71],
    "positive_10": ["pictures", "images", "jpg", "motion", "depicting", "scenes", "op", "directing", "non", "painting"],
    "negative_10": ["born", "musician", "hard", "held", "raised", "november", "died", "february", "april", "july"]
  },
  {
    "vector": [72],
    "positive_10": ["award", "category", "awards", "designer", "severe", "artist", "tropical", "design", "defines", "landscape"],
    "negative_10": ["intelligence", "republican", "democratic", "secret", "platforms", "cia", "experiments", "us", "conducted", "presidential"]
  },
  {
    "vector": [73],
    "positive_10": ["metropolitan", "hockey", "growing", "men", "sydney", "athletics", "championships", "metro", "montreal", "capable"],
    "negative_10": ["goals", "cabin", "rovers", "fa", "home", "conditions", "cold", "values", "inn", "relegation"]
  },
  {
    "vector": [74],
    "positive_10": ["considerable", "increased", "an", "increasing", "greater", "great", "significant", "currently", "substantial", "growing"],
    "negative_10": ["contains", "onto", "containing", "can", "used", "contain", "contained", "into", "designed", "need"]
  },
  {
    "vector": [75],
    "positive_10": ["battalion", "airborne", "th", "remote", "brigade", "regiment", "nd", "division", "reserve", "reconnaissance"],
    "negative_10": ["www", "programming", "http", "tons", "ships", "news", "hms", "profile", "sank", "org"]
  },
  {
    "vector": [76],
    "positive_10": ["government", "political", "committee", "law", "important", "commission", "party", "policy", "army", "by"],
    "negative_10": ["area", "river", "north", "road", "near", "south", "park", "east", "water", "island"]
  },
  {
    "vector": [77],
    "positive_10": ["classical", "fm", "evening", "alternative", "infantry", "cavalry", "news", "guitar", "times", "bbc"],
    "negative_10": ["cargo", "yard", "into", "directed", "merchant", "ship", "vessel", "deep", "boat", "had"]
  },
  {
    "vector": [78],
    "positive_10": ["zealand", "abstract", "rock", "faced", "battalion", "infantry", "raised", "natural", "australia", "regiment"],
    "negative_10": ["award", "neighborhood", "prestigious", "race", "neighborhoods", "arab", "nations", "un", "village", "cup"]
  },
  {
    "vector": [79],
    "positive_10": ["labour", "previously", "labor", "color", "gold", "minor", "political", "black", "port", "trade"],
    "negative_10": ["into", "regiment", "th", "brigade", "infantry", "cavalry", "up", "slowly", "down", "lt"]
  },
  {
    "vector": [80],
    "positive_10": ["stock", "were", "poor", "asian", "agricultural", "was", "land", "onto", "lands", "shot"],
    "negative_10": ["period", "hours", "alcohol", "days", "peak", "des", "wide", "months", "du", "dating"]
  },
  {
    "vector": [81],
    "positive_10": ["cable", "steel", "captain", "percussion", "ship", "party", "rank", "piano", "score", "friedrich"],
    "negative_10": ["cc", "rome", "italian", "greek", "model", "engine", "us", "strategic", "signed", "models"]
  },
  {
    "vector": [82],
    "positive_10": ["greatest", "stated", "largely", "described", "noted", "write", "an", "great", "studying", "significant"],
    "negative_10": ["capable", "lost", "report", "suffered", "need", "plan", "after", "require", "problem", "method"]
  },
  {
    "vector": [83],
    "positive_10": ["article", "com", "guitar", "sixth", "ranked", "class", "municipality", "ability", "guardian", "fourth"],
    "negative_10": ["formats", "length", "format", "hospital", "conservative", "western", "film", "mission", "missionary", "championships"]
  },
  {
    "vector": [84],
    "positive_10": ["draw", "brick", "stations", "station", "chi", "states", "massachusetts", "churches", "han", "ko"],
    "negative_10": ["centre", "into", "cabinet", "edmonton", "calgary", "chamber", "alberta", "saskatchewan", "theatre", "iranian"]
  },
  {
    "vector": [85],
    "positive_10": ["near", "within", "around", "in", "he", "into", "across", "she", "through", "due"],
    "negative_10": ["been", "get", "are", "were", "got", "gets", "themselves", "be", "can", "various"]
  },
  {
    "vector": [86],
    "positive_10": ["educational", "trade", "mm", "treaty", "piano", "important", "resolution", "union", "no", "indian"],
    "negative_10": ["campaign", "urban", "earned", "bush", "allmusic", "spent", "term", "consists", "personal", "presidential"]
  },
  {
    "vector": [87],
    "positive_10": ["high", "higher", "change", "against", "greater", "changes", "who", "that", "would", "increased"],
    "negative_10": ["album", "jpg", "national", "isbn", "largest", "file", "include", "located", "website", "links"]
  },
  {
    "vector": [88],
    "positive_10": ["assistant", "secretary", "celtic", "permanent", "arsenal", "minute", "chairman", "temporary", "position", "visitors"],
    "negative_10": ["test", "flying", "crashed", "bomber", "aircraft", "plane", "wings", "tests", "pilot", "airlines"]
  },
  {
    "vector": [89],
    "positive_10": ["engineering", "allied", "fought", "industry", "battle", "owned", "japanese", "still", "defeats", "length"],
    "negative_10": ["discovered", "introduced", "been", "found", "gold", "crime", "police", "appointed", "investigate", "deputy"]
  },
  {
    "vector": [90],
    "positive_10": ["cities", "campaign", "largest", "touring", "nationwide", "inner", "offer", "statewide", "poverty", "relief"],
    "negative_10": ["writers", "wing", "phase", "scholars", "artists", "ownership", "property", "issue", "important", "rights"]
  },
  {
    "vector": [91],
    "positive_10": ["interstate", "interior", "added", "runs", "extended", "bowling", "court", "supreme", "entire", "windows"],
    "negative_10": ["letters", "address", "receiving", "language", "problems", "radio", "relay", "bronze", "station", "country"]
  },
  {
    "vector": [92],
    "positive_10": ["were", "are", "been", "have", "largest", "was", "being", "had", "is", "be"],
    "negative_10": ["third", "second", "sixth", "fourth", "fifth", "medical", "business", "student", "school", "seventh"]
  },
  {
    "vector": [93],
    "positive_10": ["playstation", "nintendo", "japanese", "minister", "dvd", "orthodox", "attended", "drive", "concert", "kong"],
    "negative_10": ["winners", "name", "poetry", "under", "regional", "room", "teams", "ncaa", "chosen", "winner"]
  },
  {
    "vector": [94],
    "positive_10": ["post", "coastal", "rates", "values", "rate", "fast", "aggressive", "victorian", "colonial", "wrestling"],
    "negative_10": ["fourth", "baronet", "earl", "third", "chart", "air", "visitors", "fifth", "means", "viscount"]
  },
  {
    "vector": [95],
    "positive_10": ["farming", "leaves", "positive", "tourism", "court", "farms", "singles", "maple", "commissioner", "px"],
    "negative_10": ["requirements", "wearing", "dress", "wear", "structural", "party", "engineering", "dangerous", "race", "clothing"]
  },
  {
    "vector": [96],
    "positive_10": ["french", "quebec", "du", "montreal", "le", "battalion", "fort", "la", "regiment", "pierre"],
    "negative_10": ["pp", "hit", "vol", "orthodox", "ed", "pitcher", "hits", "eds", "isbn", "christian"]
  },
  {
    "vector": [97],
    "positive_10": ["which", "where", "who", "whom", "that", "gain", "under", "taking", "here", "receiving"],
    "negative_10": ["five", "several", "six", "four", "were", "seven", "eight", "three", "been", "numerous"]
  },
  {
    "vector": [98],
    "positive_10": ["caused", "killed", "place", "district", "stop", "biggest", "county", "continued", "occurred", "manufacturer"],
    "negative_10": ["provides", "has", "changes", "offers", "different", "change", "issues", "member", "car", "gained"]
  },
  {
    "vector": [99],
    "positive_10": ["secret", "western", "eastern", "annual", "divided", "territory", "attendance", "mm", "yearly", "deeply"],
    "negative_10": ["shot", "athens", "verse", "employment", "provides", "championships", "relief", "appears", "olympics", "exists"]
  },
  {
    "vector": [100],
    "positive_10": ["du", "weekly", "le", "billboard", "independent", "township", "et", "al", "passenger", "monthly"],
    "negative_10": ["tropical", "growing", "symbol", "used", "names", "imperial", "royal", "secret", "distance", "about"]
  }
]
